{
    "name": "qmi-k8s-vm,
    "description": "(4) VM Kubernetes Cluster, MetalLB, NFS Provisioner",
    "category": "Community",
    "notes": "Defaults to 4GB RAM on Master and 8G RAM on each of the (3) worker nodes.",
    "version": 1.0,
    "author": "Justin Donnelly",
    "email": "justin.donnelly@qlik.com",
    "disabled": false,
    "plugin-dependencies": [vagrant-vbguest vagrant-disksize],
    "resources": [{
            "name": "QSEoK Hub",
            "url": "http://qmi-k8s-vm"
        },
/*         {
            "name": "Hub",
            "url": "http://qmi-qs-sn/hub"
        },
        {
            "name": "Web Connectors",
            "url": "http://qmi-qs-sn:5555/web"
        },
        {
            "name": "User name / password",
            "value": ".\\qlik / Qlik1234"
        } */
    ],
    "config": {
        "allowUpdates": true,
        "servers": [{
                "name": "k8s-head",
                "ip": "192.168.205.10",
                "box": "ubuntu/bionic64",
                "memory": 4096,
                "cpus": 2,
            },
            {
                "name": "k8s-node1",
                "ip": "192.168.205.11",
                "box": "ubuntu/bionic64",
                "memory": 8192,
                "cpus": 2
            },
            {
                "name": "k8s-node2",
                "ip": "192.168.205.12",
                "box": "ubuntu/bionic64",
                "memory": 8192,
                "cpus": 2
            },
            {
                "name": "k8s-node3",
                "ip": "192.168.205.13",
                "box": "ubuntu/bionic64",
                "memory": 8192,
                "cpus": 2
            }
        }]
    },
    "custom": true
}